# Pre-Requsites
# Assuming Candidates are familiar with “Group by” and “Grouping functions” because these are used along with JOINS in the questionnaire. 

Table Definitions:

1. BANK_CUSTOMER - Details of Customers of the Bank
2. BANK_CUSTOMER_EXPORT - Details of Customers of the Bank
3. Bank_Account_Details - Account Details of the customers along with ADD on cards. One customer can have multiple details for Savings deposits, Recurring deposits, Credit Cards and Add on credit cards.
4. BANK_ACCOUNT - Account Details of the customers of savings deposits, recurring deposits and Credit card.
5. Bank_Account_Relationship_Details - Details of secondary accounts linked to primary accounts.
6. BANK_ACCOUNT_TRANSACTION - Details of the transactions.
7. BANK_CUSTOMER_MESSAGES - Details of Messages sent to customers after a transaction takes place.
8. BANK_INTEREST_RATE - Current interest rates for savings, RD and other accounts.
9. Bank_Holidays - Details of Bank Holidays.


# Create below DB objects 

CREATE TABLE BANK_CUSTOMER ( customer_id INT ,
             	customer_name VARCHAR(20),
             	Address 	VARCHAR(20),
             	state_code  VARCHAR(3) ,    	 
             	Telephone   VARCHAR(10)	);
INSERT INTO BANK_CUSTOMER VALUES (123001,"Oliver", "225-5, Emeryville", "CA" , "1897614500");
INSERT INTO BANK_CUSTOMER VALUES (123002,"George", "194-6,New brighton","MN" , "1897617000");
INSERT INTO BANK_CUSTOMER VALUES (123003,"Harry", "2909-5,walnut creek","CA" , "1897617866");
INSERT INTO BANK_CUSTOMER VALUES (123004,"Jack", "229-5, Concord",  	"CA" , "1897627999");
INSERT INTO BANK_CUSTOMER VALUES (123005,"Jacob", "325-7, Mission Dist","SFO", "1897637000");
INSERT INTO BANK_CUSTOMER VALUES (123006,"Noah", "275-9, saint-paul" ,  "MN" , "1897613200");
INSERT INTO BANK_CUSTOMER VALUES (123007,"Charlie","125-1,Richfield",   "MN" , "1897617666");
INSERT INTO BANK_CUSTOMER VALUES (123008,"Robin","3005-1,Heathrow", 	"NY" , "1897614000");

CREATE TABLE BANK_CUSTOMER_EXPORT ( customer_id CHAR(10),
customer_name CHAR(20),
Address CHAR(20),
state_code  CHAR(3) ,    	 
Telephone  CHAR(10));
    
INSERT INTO BANK_CUSTOMER_EXPORT VALUES ("123001 ","Oliver", "225-5, Emeryville", "CA" , "1897614500") ;
INSERT INTO BANK_CUSTOMER_EXPORT VALUES ("123002 ","George", "194-6,New brighton","MN" , "189761700");

CREATE TABLE Bank_Account_Details(Customer_id INT,           	 
                             	Account_Number VARCHAR(19),
                              	Account_type VARCHAR(25),
                           	    Balance_amount INT,
                               	Account_status VARCHAR(10),             	 
                               	Relationship_type varchar(1) ) ;
INSERT INTO Bank_Account_Details  VALUES (123001, "4000-1956-3456",  "SAVINGS" , 200000 ,"ACTIVE","P");
INSERT INTO Bank_Account_Details  VALUES (123001, "5000-1700-3456", "RECURRING DEPOSITS" ,9400000 ,"ACTIVE","S");  
INSERT INTO Bank_Account_Details  VALUES (123002, "4000-1956-2001",  "SAVINGS", 400000 ,"ACTIVE","P");
INSERT INTO Bank_Account_Details  VALUES (123002, "5000-1700-5001",  "RECURRING DEPOSITS" ,7500000 ,"ACTIVE","S");
INSERT INTO Bank_Account_Details  VALUES (123003, "4000-1956-2900",  "SAVINGS" ,750000,"INACTIVE","P");
INSERT INTO Bank_Account_Details  VALUES (123004, "5000-1700-6091", "RECURRING DEPOSITS" ,7500000 ,"ACTIVE","S");
INSERT INTO Bank_Account_Details  VALUES (123004, "4000-1956-3401",  "SAVINGS" , 655000 ,"ACTIVE","P");
INSERT INTO Bank_Account_Details  VALUES (123005, "4000-1956-5102",  "SAVINGS" , 300000 ,"ACTIVE","P");
INSERT INTO Bank_Account_Details  VALUES (123006, "4000-1956-5698",  "SAVINGS" , 455000 ,"ACTIVE" ,"P");
INSERT INTO Bank_Account_Details  VALUES (123007, "5000-1700-9800",  "SAVINGS" , 355000 ,"ACTIVE" ,"P");
INSERT INTO Bank_Account_Details  VALUES (123007, "4000-1956-9977",  "RECURRING DEPOSITS" , 7025000,"ACTIVE" ,"S");
INSERT INTO Bank_Account_Details  VALUES (123007, "9000-1700-7777-4321",  "Credit Card"	,0  ,"INACTIVE", "P");
INSERT INTO Bank_Account_Details  VALUES (123007, '5900-1900-9877-5543', "Add-on Credit Card" ,   0   ,"ACTIVE", "S");
INSERT INTO Bank_Account_Details  VALUES (123008, "5000-1700-7755",  "SAVINGS"   	,0   	,"INACTIVE","P");
INSERT INTO Bank_Account_Details  VALUES (123006, '5800-1700-9800-7755', "Credit Card"   ,0   	,"ACTIVE", "P");
INSERT INTO Bank_Account_Details  VALUES (123006, '5890-1970-7706-8912', "Add-on Credit Card"   ,0   	,"ACTIVE", "S");

# CREATE Bank_Account Table:
# Create Table
CREATE TABLE BANK_ACCOUNT ( Customer_id INT, 		   			  
	                Account_Number VARCHAR(19),
		     Account_type VARCHAR(25),
		     Balance_amount INT ,
			Account_status VARCHAR(10), Relation_ship varchar(1) ) ;
# Insert records:
INSERT INTO BANK_ACCOUNT  VALUES (123001, "4000-1956-3456",  "SAVINGS"            , 200000 ,"ACTIVE","P"); 
INSERT INTO BANK_ACCOUNT  VALUES (123001, "5000-1700-3456",  "RECURRING DEPOSITS" ,9400000 ,"ACTIVE","S");  
INSERT INTO BANK_ACCOUNT  VALUES (123002, "4000-1956-2001",  "SAVINGS"            , 400000 ,"ACTIVE","P"); 
INSERT INTO BANK_ACCOUNT  VALUES (123002, "5000-1700-5001",  "RECURRING DEPOSITS" ,7500000 ,"ACTIVE","S"); 
INSERT INTO BANK_ACCOUNT  VALUES (123003, "4000-1956-2900",  "SAVINGS"            ,750000,"INACTIVE","P"); 
INSERT INTO BANK_ACCOUNT  VALUES (123004, "5000-1700-6091",  "RECURRING DEPOSITS" ,7500000 ,"ACTIVE","S"); 
INSERT INTO BANK_ACCOUNT  VALUES (123004, "4000-1956-3401",  "SAVINGS"            , 655000 ,"ACTIVE","P"); 
INSERT INTO BANK_ACCOUNT  VALUES (123005, "4000-1956-5102",  "SAVINGS"            , 300000 ,"ACTIVE","P"); 
INSERT INTO BANK_ACCOUNT  VALUES (123006, "4000-1956-5698",  "SAVINGS"            , 455000 ,"ACTIVE" ,"P"); 
INSERT INTO BANK_ACCOUNT  VALUES (123007, "5000-1700-9800",  "SAVINGS"            , 355000 ,"ACTIVE" ,"P"); 
INSERT INTO BANK_ACCOUNT  VALUES (123007, "4000-1956-9977",  "RECURRING DEPOSITS" , 7025000,"ACTIVE" ,"S"); 
INSERT INTO BANK_ACCOUNT  VALUES (123007, "9000-1700-7777-4321",  "CREDITCARD"    ,0      ,"INACTIVE","P"); 
INSERT INTO BANK_ACCOUNT  VALUES (123008, "5000-1700-7755",  "SAVINGS"            ,NULL   ,"INACTIVE","P"); 


# CREATE TABLE Bank_Account_Relationship_Details

CREATE TABLE Bank_Account_Relationship_Details
                             	( Customer_id INT,
								Account_Number VARCHAR(19),
                            	Account_type VARCHAR(25),
                             	Linking_Account_Number VARCHAR(19));
INSERT INTO Bank_Account_Relationship_Details  VALUES (123001, "4000-1956-3456",  "SAVINGS" , "");
INSERT INTO Bank_Account_Relationship_Details  VALUES (123001, "5000-1700-3456",  "RECURRING DEPOSITS" , "4000-1956-3456");  
INSERT INTO Bank_Account_Relationship_Details  VALUES (123002, "4000-1956-2001",  "SAVINGS" , "" );
INSERT INTO Bank_Account_Relationship_Details  VALUES (123002, "5000-1700-5001",  "RECURRING DEPOSITS" , "4000-1956-2001" );
INSERT INTO Bank_Account_Relationship_Details  VALUES (123003, "4000-1956-2900",  "SAVINGS" , "" );
INSERT INTO Bank_Account_Relationship_Details  VALUES (123004, "5000-1700-6091",  "RECURRING DEPOSITS" , "4000-1956-2900" );
INSERT INTO Bank_Account_Relationship_Details  VALUES (123004, "5000-1700-7791",  "RECURRING DEPOSITS" , "4000-1956-2900" );
INSERT INTO Bank_Account_Relationship_Details  VALUES (123007, "5000-1700-9800",  "SAVINGS" , "" );
INSERT INTO Bank_Account_Relationship_Details  VALUES (123007, "4000-1956-9977",  "RECURRING DEPOSITS" , "5000-1700-9800" );
INSERT INTO Bank_Account_Relationship_Details  VALUES (NULL, "9000-1700-7777-4321",  "Credit Card" , "5000-1700-9800" );
INSERT INTO Bank_Account_Relationship_Details  VALUES (NULL, '5900-1900-9877-5543', 'Add-on Credit Card', '9000-1700-7777-4321' );
INSERT INTO Bank_Account_Relationship_Details  VALUES (NULL, '5800-1700-9800-7755', 'Credit Card', '4000-1956-5698' );
INSERT INTO Bank_Account_Relationship_Details  VALUES (NULL, '5890-1970-7706-8912', 'Add-on Credit Card', '5800-1700-9800-7755' );



# CREATE TABLE BANK_ACCOUNT_TRANSACTION

CREATE TABLE BANK_ACCOUNT_TRANSACTION (  
              	Account_Number VARCHAR(19),
              	Transaction_amount Decimal(18,2) ,
              	Transcation_channel VARCHAR(18) ,
             	Province varchar(3) ,
             	Transaction_Date Date) ;


INSERT INTO BANK_ACCOUNT_TRANSACTION VALUES ( "4000-1956-3456",  -2000, "ATM withdrawl" , "CA", "2020-01-13");
INSERT INTO BANK_ACCOUNT_TRANSACTION VALUES ( "4000-1956-2001",  -4000, "POS-Walmart"   , "MN", "2020-02-14");
INSERT INTO BANK_ACCOUNT_TRANSACTION VALUES ( "4000-1956-2001",  -1600, "UPI transfer"  , "MN", "2020-01-19");
INSERT INTO BANK_ACCOUNT_TRANSACTION VALUES ( "4000-1956-2001",  -6000, "Bankers cheque", "CA", "2020-03-23");
INSERT INTO BANK_ACCOUNT_TRANSACTION VALUES ( "4000-1956-2001",  -3000, "Net banking"   , "CA", "2020-04-24");
INSERT INTO BANK_ACCOUNT_TRANSACTION VALUES ( "4000-1956-2001",  23000, "cheque deposit", "MN", "2020-03-15");
INSERT INTO BANK_ACCOUNT_TRANSACTION VALUES ( "5000-1700-6091",  40000, "ECS transfer"  , "NY", "2020-02-19");
INSERT INTO BANK_ACCOUNT_TRANSACTION VALUES ( "5000-1700-7791",  40000, "ECS transfer"  , "NY", "2020-02-19");
INSERT INTO BANK_ACCOUNT_TRANSACTION VALUES ( "4000-1956-3401",   8000, "Cash Deposit"  , "NY", "2020-01-19");
INSERT INTO BANK_ACCOUNT_TRANSACTION VALUES ( "4000-1956-5102",  -6500, "ATM withdrawal" , "NY", "2020-03-14");
INSERT INTO BANK_ACCOUNT_TRANSACTION VALUES ( "4000-1956-5698",  -9000, "Cash Deposit"  , "NY", "2020-03-27");
INSERT INTO BANK_ACCOUNT_TRANSACTION VALUES ( "4000-1956-9977",  50000, "ECS transfer"  , "NY", "2020-01-16");
INSERT INTO BANK_ACCOUNT_TRANSACTION VALUES ( "9000-1700-7777-4321",  -5000, "POS-Walmart", "NY", "2020-02-17");
INSERT INTO BANK_ACCOUNT_TRANSACTION VALUES ( "9000-1700-7777-4321",  -8000, "Shopping Cart", "MN", "2020-03-13");
INSERT INTO BANK_ACCOUNT_TRANSACTION VALUES ( "9000-1700-7777-4321",  -2500, "Shopping Cart", "MN", "2020-04-21");
INSERT INTO BANK_ACCOUNT_TRANSACTION VALUES ( "5800-1700-9800-7755", -9000, "POS-Walmart","MN", "2020-04-13");
INSERT INTO BANK_ACCOUNT_TRANSACTION VALUES ( '5890-1970-7706-8912', -11000, "Shopping Cart" , "NY" , "2020-03-12") ;



# CREATE TABLE BANK_CUSTOMER_MESSAGES

CREATE TABLE BANK_CUSTOMER_MESSAGES (  
              	Event VARCHAR(24),
              	Customer_message VARCHAR(75),
              	Notice_delivery_mode VARCHAR(15)) ;


INSERT INTO BANK_CUSTOMER_MESSAGES VALUES ( "Adhoc", "All Banks are closed due to announcement of National strike", "mobile" ) ;
INSERT INTO BANK_CUSTOMER_MESSAGES VALUES ( "Transaction Limit", "Only limited withdrawals per card are allowed from ATM machines", "mobile" );
INSERT INTO `bank_account_transaction`(`Account_Number`, `Transaction_amount`, `Transcation_channel`, `Province`, `Transaction_Date`) VALUES
('4000-1956-9977' ,    10000.00     ,'ECS transfer',     'MN' ,    '2020-02-16' ) ;

-- inserted for queries after 17th  
INSERT INTO `bank_account_transaction`(`Account_Number`, `Transaction_amount`, `Transcation_channel`, `Province`, `Transaction_Date`) VALUES
('4000-1956-9977' ,    40000.00     ,'ECS transfer',     'MN' ,    '2020-03-18' ) ;

INSERT INTO `bank_account_transaction`(`Account_Number`, `Transaction_amount`, `Transcation_channel`, `Province`, `Transaction_Date`) VALUES
('4000-1956-9977' ,    60000.00     ,'ECS transfer',     'MN' ,    '2020-04-18' ) ;

INSERT INTO `bank_account_transaction`(`Account_Number`, `Transaction_amount`, `Transcation_channel`, `Province`, `Transaction_Date`) VALUES
('4000-1956-9977' ,    20000.00     ,'ECS transfer',     'MN' ,    '2020-03-20' ) ;

-- inserted for queries after 24th 

INSERT INTO `bank_account_transaction`(`Account_Number`, `Transaction_amount`, `Transcation_channel`, `Province`, `Transaction_Date`) VALUES
('4000-1956-9977' ,    49000.00     ,'ECS transfer',     'MN' ,    '2020-06-18' ) ;




# CREATE TABLE BANK_INTEREST_RATE

CREATE TABLE BANK_INTEREST_RATE(  
            	account_type varchar(24),
              	interest_rate decimal(4,2),
            	month varchar(2),
            	year  varchar(4)
             	)	;

INSERT  INTO BANK_INTEREST_RATE VALUES ( "SAVINGS" , 0.04 , '02' , '2020' );
INSERT  INTO BANK_INTEREST_RATE VALUES ( "RECURRING DEPOSITS" , 0.07, '02' , '2020' );
INSERT  INTO BANK_INTEREST_RATE VALUES   ( "PRIVILEGED_INTEREST_RATE" , 0.08 , '02' , '2020' );


# Bank_holidays:
Create table Bank_Holidays (
						 Holiday  date ,
						 Start_time datetime ,
						 End_time timestamp);
						 
						 
Insert into bank_holidays values ( '2020-05-20', now(), now() ) ;

Insert into bank_holidays values( '2020-03-13' , now(), now() ) ;



############################################ Questions ############################################
# Question 1:
# 1) Print credit card transactions with sum of transaction_amount on all Fridays and sum of transaction_amount on all other days.

select day_in_week,abs(sum(transaction_amount)) as total_transaction_amount from 
(select account_type,transaction_amount,transaction_date,
case when dayname(transaction_date)='Friday' then 'Friday transaction amount'
else 'Otherday transaction amount' end as day_in_week from bank_account_transaction bat 
join bank_account_details bad
on bad.account_number=bat.account_number
where account_type like '%Credit Card%') t group by day_in_week;


# Question 2:
# 2) Show the details of credit cards whose aggregate transaction amount during holidays  is greater than other days . 

select account_number,holiday_amount,otherday_amount from 
(select bat.account_number,sum(transaction_amount),
sum(if(transaction_date in (select holiday from bank_holidays),abs(transaction_amount),0)) as 'holiday_amount',
sum(if(transaction_date not in (select holiday from bank_holidays),abs(transaction_amount),0)) as 'otherday_amount'
from bank_account_transaction bat 
join bank_account_details bad
on bat.account_number=bad.account_number 
where account_type like '%Credit Card%' group by account_number)t
where holiday_amount>otherday_amount;


# Question 3:
# 3) Generate a report to Send Ad-hoc holiday greetings - “Happy Holiday” for all transactions occurred during Holidays in 4th month.

select bad.account_number as savings_account_number,account_type as savings_account_type,
transaction_date,'Happy Holiday' as message from bank_account_details bad 
join bank_account_transaction bat 
on bad.account_number=bat.account_number 
join bank_holidays bh
on bat.transaction_date=bh.holiday and month(holiday=4);


# Question 4:
# 4) Calculate the Bank accrued interest with respect to their RECURRING DEPOSITS  for any deposits older than 30 days . 

# Note: Accrued interest calculation =  transaction_amount * interest_rate 
-- fields/tables:   interest_rate @bank_interest_rate table 
--                  transaction_amount @bank_account_transaction 
 
 # Pre-requisite Use bank schema tables from Online_Day7_Takehome to solve the queries.

select bard.account_number,bard.account_type,sum(transaction_amount*interest_rate)
from bank_account bad 
join bank_account_relationship_details bard
on bad.account_number=bard.linking_account_number
join bank_interest_rate bir 
on bir.account_type=bard.account_type
join bank_account_transaction bat 
on bat.account_number=bard.account_number
where bard.account_type='RECURRING DEPOSITS'
group by bard.account_number,bard.account_type
having current_date()-min(transaction_date)>30;


# Question 5:
# 5) Display the Savings Account number whose corresponding Credit cards and  AddonCredit card transactions have occured more than one time .

select bad.account_number as savings_account_number,bad.account_type as savings_account_type,
bard.account_number as credit_card_acc_num,bard.account_type as credit_card_acc_type,count(transaction_date) 
from bank_account_details bad 
left join bank_account_relationship_details bard
on bad.account_number=bard.linking_account_number
left join bank_account_transaction bat
on bat.account_number=bard.account_number
where bard.account_type like '%credit card%'
group by bad.account_number,bad.account_type,bard.account_number,bard.account_type 
having count(transaction_date)>1;


# Question 6:
# 6) Display the Savings Account number whose corresponding AddonCredit card transactions have occured atleast once. 

select bad.account_number as savings_account_number,bad.account_type as savings_account_type,
bard.account_number as credit_card_acc_num,bard.account_type as credit_card_acc_type,count(transaction_date) 
from bank_account_details bad 
left join bank_account_relationship_details bard
on bad.account_number=bard.linking_account_number
left join bank_account_transaction bat
on bat.account_number=bard.account_number
where bard.account_type like '%add-on credit card%'
group by bad.account_number,bad.account_type,bard.account_number,bard.account_type 
having count(transaction_date)>=1;


# Question 7:
# 7) Print the customer_id and length of customer_id using Natural join on  Tables :  bank_customer  and  bank_customer_export 
# Note: Do not use table alias to refer to column names.

select customer_id,length(customer_id) from bank_customer bc natural join bank_customer_export;

# Question 8:
# 8) Print customer_id, customer_name and other common columns  from both the Tables :  bank_customer & bank_customer_export without missing any matching customer_id key column records. 
-- Note: refer datatype conversion if found any missing records

select bce.customer_id,bce.customer_name,bce.address,bce.state_code,bce.telephone 
from bank_customer_export bce join bank_customer bc
where cast(bce.customer_id as unsigned)=bc.customer_id;
